Identificador,Alinhamento,Autorizações,Comercialização,Complexidade,Depósito,Detalhamento do efeito,Detalhamento forma de uso,Diagramação,Discursos de autoridade,Doença mencionada,Dúvidas,Elementos de composição,Extras,Filhos,Hieraquia da informação,ID,Informações indicativas,Link,Menções a lugares,Observações,Origem,Pai,Palavra-chave efeito,Palavras-chave produto,Preço,Primeiras palavras do anúncio,Produto ofertado (título completo),Produção,Público mencionado,Quantidade de colunas,Quantidade de linhas,Quantidade de variações tipográficas (aprox.),Responsável técnico,Sinal visual de autoridade,Status,Substâncias,Tipificação da imagem (aprox.),Tipo de produto,Variação tipográfica,Variação typeface
oleo_figado_bacalhau,"Centralizado, Justificado esquerda",Ausente,Vende-se em todas as pharmacias e drogarias do Imperio,1.130591630592,-,Detalhado,Ausente,1 coluna,"Qualidade da produçao, Qualidade dos ingredientes",Tisica (Tysica),,Clichê,Nenhum,,"Corpo do texto, Subtítulo, Título principal",1,"Comercialização, Responsável técnico/preparado por/Pharmaceutico",https://drive.google.com/file/d/1ZR0EB-XDWMpCxZvno7zzRyImPUwt-OPZ/view?usp=drive_link,"Bancos da terra nova, NY",,Indefinido,,"Comunica cores saudáveis, Efeitos admiráveis, Faz engordar, Fortalece",Puro,-,Produto,Oleo puro de figado de bacalhao,-,"Crianças, Geral",,,5,Lanman & Kemp,Ausente,Finalizado,"Iodo, Oleo de figado de bacalhau","Animal, Peixe",Oleo,"Caixa alta, Regular",Serifa
tonico_oriental_cabello,"Centralizado, Justificado esquerda",Ausente,Vende-se em todas as pharmacias e drogarias do Imperio,0.887734487734,-,Detalhado,Ausente,1 coluna,Ausente,"Caspa, Cãs, Moléstias da cabeça, Tinha",,Clichê,Nenhum,,"Corpo do texto, Título principal",2,Comercialização,https://drive.google.com/file/d/1-CLIUlJO9hLxXH1R009AYfqjx9nGZCio/view?usp=drive_link,Nenhum,,Indefinido,,"Conservar [desejável], Evitar [moléstia], Extirpar [moléstia]","Agradável, Fragrante",-,Produto,O tonico oriental para o cabello,-,Ausente,,,4,Ausente,Ausente,Finalizado,Ausente,Figura Humana,Tonico,"Bold, Caixa alta, Regular",Serifa
ferro_bravais,"Centralizado, Justificado esquerda",,"Agente no Brasil: A. Meyer, 33 rua Nova do Ouvidor, Rio-Janeiro",1.108643578644,"Deposito geral em Paris, 13, Rua Laffayette (perto da Opera), e em todos as Pharmacias. ",Ausente,Ausente,,"Produto original, Recomendado/attestado por especialistas","Anemia, Chlorose, Debilidade (Desbilidade), Fraqueza, Perdas Brancas",,"Clichê, Moldura decorada",,,"Corpo do texto, Título principal",3,"Comercialização, Depósito",https://drive.google.com/file/d/1JnDYuemZpY-pN9XnDF7gDSjAahpFyjy9/view?usp=drive_link,"Paris, Rio de Janeiro, Rua do ouvidor",,Estrageiro,,Contra a [moléstia],"Mais econômico, Sem Cheiro, Sem Sabor",-,,Ferro bravais,-,Ausente,,13,4,Ausente,Ausente,Excluído por estar em edição ímpar,Ferro dialysado,Brasão,Ferro Líquido,"Bold, Consensado, Itálico, Regular",Serifa
pilulas_vegeates_assucaradas_bristol,"Centralizado, Justificado esquerda",Ausente,Vende-se em todas as farmácias e drogarias do Imperio,0.887734487734,-,Mencionado,Ausente,1 coluna,Qualidade dos ingredientes,"Affecção do figado estômago e rins, Cardialgia, Congestão do figado, Constipação do ventre, Dispepsia (dyspepsias), Dor nas costas, Enxaqueca, Gastritis [gastrites], Indigestão, Tossas [tosse] [tosses]",,Clichê,Nenhum,,"Corpo do texto, Título principal",3,Comercialização,https://drive.google.com/file/d/1MwIhZSCNDpoA_Ft0JQUwPj8eeQs_X7i0/view?usp=drive_link,Nenhum,,Indefinido,,Contra a [moléstia],"Eficaz, Poderoso(a)",-,Produto,Pilulas vegetaes assucaradas de bristol,-,Ausente,,,4,Ausente,Ausente,Finalizado,"Leptandrina, Popophilina","Representação do produto, Vidraria",Pilulas,"Bold, Regular",Serifa
og_novo_depurativo_extracto_salsaparrilha_caroba_2colunas_comemblema,"Alinhado direita, Centralizado, Justificado esquerda",Ausente,-,1.473448773449,"DEPOSITO:—Pharmacia de Vicente Antonio da Silva
Rua Direita nº 84 - Campos",Detalhado,Ausente,1 coluna,"Apelo ao ""natural"", Qualidade dos ingredientes","Blenorrhagias, Darthros, Pannos, Rheumatismo, Sangue viciado por [moléstia], Sarnas, Syphilis, Ulceras syphiliticas",,Clichê,Sugestão de uso coadjuvante com outro medicamento,"novo_depurativo_extracto_salsaparrilha_caroba_2colunas_sememblema (https://www.notion.so/novo_depurativo_extracto_salsaparrilha_caroba_2colunas_sememblema-263d075ca71280bdb2ecddd94d3d435a?pvs=21), extracto_fluido_salsaparrilha_caroba_iodurado_joaquim (https://www.notion.so/extracto_fluido_salsaparrilha_caroba_iodurado_joaquim-263d075ca712804da7d5f926079517d0?pvs=21)","Nota de rodapé, Subtítulo, Título principal, Título secundário",4,"Depósito, Preço, Responsável técnico/preparado por/Pharmaceutico",https://drive.google.com/file/d/1JgPY9ZdwwdEypRemyhnSPiDoNhgdBnbP/view?usp=drive_link,"Campos, Rio de Janeiro","N. B. — Todos os rotulos e prospectos levaráão a assignatura do autor
—
Ênfase nos benefícios e efeitos com bastante força nas afirmações de ser o melhor medicamento para essas doenças, de curar.
",Indefinido,,"Combater [moléstia], Curar [moléstia] (cura [moléstia]  cura-se [moléstia]), Eficaz","Depurativo (ação depurativa), Depurativo do sangue, Diversas plantas, Inumeros resultados, Poderoso(a), Precioso(a), dos melhores medicamentos até hoje conhecidos para combater taes efermidades","Preço de um vidro 2$500
Preço de uma duzia de vidros 24$009","Novo depurativo, Produto",Novo depurativo extracto fluido de salsaparrilha e caroba iodurado ou elexir depurativo do sangue,-,Portadores/acometidos,,,7,Joaquim Manoel Venancio da Silva (pharmaceutico chimico pela Faculdadde de Medicina do Rio de Janeiro),Ausente,Finalizado,"Batata purgativa, Caroba iodurado, Salsaparrilha","Espada, Lâmpada Mágica, Planta, Serpente","Elexir/elixir, Extrato","Bold, Caixa alta, Itálico, Regular",Serifa
salsaparrilha_bristol,"Centralizado, Justificado esquerda",Ausente,Vende-se em todas as pharmacias e drogarias do Imperio,0.687734487734,-,Mencionado,Ausente,1 coluna,Ausente,"Chagas perniciosas e inveteradas, Debilisdade geral do systema, Erupções cutaneas, Escrofula (escrophulasa scrophulas ), Rheumatismo, Siphilis [Siphylis] [enfermidades syphiliticas], Tumores",,Clichê,,,"Corpo do texto, Título principal",5,Comercialização,https://drive.google.com/file/d/1ThQ5PbshaDztgX9WG-uPOWC8daPM78B9/view?usp=drive_link,Bristol,,Indefinido,,Contra a [moléstia],"Grande, Infalivel (infallivel), Purificador do sangue",-,Produto,Salsaparrilha de bristol,-,Geral,,,2,Ausente,Ausente,Finalizado,Salsaparrilha,"Ave, Chamas",Indefinido,"Caixa alta, Regular",Serifa
peitoral_anacahuita,Justificado esquerda,Ausente,Vendom-se em todas as pharmacias e drogarias do Imperio,0.930591630592,-,Mencionado,Ausente,1 coluna,"Importado, Recomendado/attestado por especialistas","Bronchites (bronchitas), Constipações, Inflamação dos pulmões, Molestias da garganta, Molestias peito, Molestias pulmões, Tisica (Tysica), Tossas [tosse] [tosses]",,Clichê,,,"Corpo do texto, Subtítulo, Título principal",6,Comercialização,https://drive.google.com/file/d/10Jx918TSRegTj-60_T_A8SZtSX9cao9I/view?usp=drive_link,"Berlim, México","Recommendado pelo Proto Medicato Imperial de Berlim
—
Menciona constipações, parece se refereir a congestão nasal e não constipação intestinal ","Estrageiro, Inferido",,"Cura radical, Curativo [moléstia]","Alta excellencia (excellente), Chimicamente analizado, Eficaz, Grande",-,"Curada radicalmente, Nome do produto, [Moléstia]",Peitoral de anacahuita,-,Geral,,,3,Ausente,Ausente,Finalizado,Ausente,"Planta, Árvore",Indefinido,"Bold, Regular",Serifa
agua_alcalina_vidago,"Centralizado, Justificado esquerda",Ausente,"Rua da Quitanda n. 56, canto da do Concelho",1.173448773449,-,Detalhado,Ausente,1 coluna,Vantagem sobre outros,"Calculos urinarios, Obstrucções do figado, Pedra",,Ausente,Fala com a comunidade médica,,"Corpo do texto, Subtítulo, Título principal, Título secundário",7,Comercialização,https://drive.google.com/file/d/13GMWsZ658IFgmSpQgelOcH9qbv5phuuW/view?usp=drive_link,Europa,Faz um pedido aos membros da illustrada classe medica desta cidade se dignem a tomar em consideração as preciosidades destas aguas empregando-as em suas clinicas,"Estrageiro, Inferido",,"Abre apetite, Apagão os azedumes, Dão força ao estomago, Empregadas nos [moléstias], Satura os ácidos, Tornam facil a digestão","Preciozissima, Preservativo",-,Nome do produto,Agua alcalina-gazoza de Vidalgo e das pedras salgadas,-,Médicos,,,4,Ausente,Ausente,Finalizado,Carbonato de ferro,Ausente,Agua,"Bold, Regular",Serifa
laranginha_campista,"Centralizado, Justificado esquerda",Ausente,casa de Gustavo Alves & C. Rua da Quitanda n. 5,0.930591630592,-,Ausente,Ausente,1 coluna,Ausente,Ausente,,Ausente,,,"Corpo do texto, Subtítulo, Título principal",8,"Comercialização, Responsável técnico/preparado por/Pharmaceutico",https://drive.google.com/file/d/1s5rN87ld94YulALkkhiO4Q6NG-X8LnE8/view?usp=drive_link,Campos,,"Inferido, Nacional",,Ausente,Ausente,-,Nome do produto,Laranginha Campista,-,Ausente,,,3,Carlos Franco,Ausente,Finalizado,Ausente,Ausente,Elexir/elixir,"Bold, Caixa alta, Regular",Serifa
agua_florida_murray,"Centralizado, Justificado esquerda",Ausente,Vende-se em todos os armarinhos de imperio.,1.087734487734,-,Detalhado,Ausente,1 coluna,Universalmente,"Esvaecimentos, Excitação nervosa, Fadiga, Vertigens",,Clichê,,,"Corpo do texto, Título principal",9,"Comercialização, Responsável técnico/preparado por/Pharmaceutico",https://drive.google.com/file/d/1v0rGSFEvXQGRZUmfLLaLg3jKQRnqbMb7/view?usp=drive_link,Nenhum,,Indefinido,,"Perfuma, Purifica o ar","Eficaz, Universalmente usada, dos melhores medicamentos até hoje conhecidos para combater taes efermidades",-,Nome do produto,Agua Florida de Murray e Lanman,-,"Geral, Mulheres (senhoras), Portadores/acometidos",,,6,Murray & Lanman,Ausente,Finalizado,Ausente,Chafariz,Agua,"Consensado, Regular",Serifa
cognac_champagne,"Centralizado, Justificado esquerda",Ausente,-,0.887734487734,-,Mencionado,Mencionado,1 coluna,Ausente,Asthma [asma],,Ausente,,,"Corpo do texto, Título principal",10,Indefinido,https://drive.google.com/file/d/14p1Cu4t4-Wu0jFpgXTM8qfA3BzD5s-KD/view?usp=drive_link,38 - Praça do Rozario - 38 Em frente a igreja,Tomando-se tambem com leite,Indefinido,,Curar [moléstia] (cura [moléstia]  cura-se [moléstia]),Ausente,-,Nome do produto,Cognac Champagne,-,Ausente,,,4,Ausente,Ausente,Finalizado,Ausente,Ausente,Indefinido,"Bold, Itálico, Regular",Serifa
salsaparrilha_carroba_maranhao,"Centralizado, Justificado esquerda",Ausente,-,1.087734487734,-,Mencionado,Ausente,1 coluna,Ausente,Rheumatismo,,Ausente,,,"Corpo do texto, Título principal",11,Indefinido,https://drive.google.com/file/d/1MnndVoax4x-ddcNq86cW9xTJqoIET6XI/view?usp=drive_link,"54 - Rua da Quitanda - 54 Magalhães & C.ª, Maranhão",Vem a pedido de muitas pessoas que estão soffrendo dos mesmos incomodos e que se achão quase restabelecidos deste infernal incommodo,"Inferido, Nacional",,Ausente,Infalivel (infallivel),-,Nome do produto,Salsaparrilha e Carroba do Maranhão,-,Portadores/acometidos,,,6,Ausente,Ausente,Finalizado,"Carroba (caroba), Salsaparrilha",Ausente,Indefinido,"Bold, Regular",Serifa
licor_centaurea,"Centralizado, Justificado esquerda",,-,2.25455988456,44 - Rua do Conselho - 44 Campos,Detalhado,,,"Attestados, Recomendado/attestado por especialistas, Testemunho de usuário","Colicas estomacaes, Colicas intestinaes, Dispepsia (dyspepsias), Gastralgia, Indigestão",,Fios,,,"Corpo do texto, Subtítulo, Título principal, Título secundário",12,"Depósito, Preço, Responsável técnico/preparado por/Pharmaceutico",https://drive.google.com/file/d/1OtKPA1A8DbMmr00iFUok9rhqJ2YDC5SV/view?usp=drive_link,Campos,5 attestados: 4 médicos e 1 pharmaceutico Joaquim Manoel Venancio do Silva (um aperto de mão ao autor de tão importante descoberta).,Indefinido,,"Allivia [moléstia], Completamente bom (sentido de curado), Previne [moléstia], Resultado feliz, Resultado magnífico, Resultado maravilhoso","Heroico, Innocente, Poderoso(a), Precioso(a), Virtuoso(a)",1 garrafa 2$500 e 1 caixa com 12 garrafas @24$000,,[OLHAR] Licor de centaurea (fel da terra,-,"Geral, Portadores/acometidos",,47,9,B. Delgado,Ausente,Em andamento,Ausente,Ausente,Licor,"Bold, Caixa alta, Expandido, Itálico","Fantasia, Serifa"
dores_dentes_odontalgico_brazileiro,"Centralizado, Justificado esquerda",Ausente,-,0.687734487734,rua Direita n. 119,Detalhado,Mencionado,1 coluna,Estatística,Dor de dente [odontalgia],,Ausente,,"nao_ha_mais_dores_odontalgico_brazileiro (https://www.notion.so/nao_ha_mais_dores_odontalgico_brazileiro-277d075ca7128028ae9ccd5506032e8b?pvs=21), NAO_HA_MAIS_DORES_DENTES (https://www.notion.so/NAO_HA_MAIS_DORES_DENTES-277d075ca712802b83a2ce8e4c561c5f?pvs=21)","Corpo do texto, Título principal",13,"Depósito, Preço",https://drive.google.com/file/d/1aL3KmibHv6enJz48jqGhnE-esJh8cRx6/view?usp=drive_link,"Brazil, Campos",Traz a informação de que mais de 95% por que usaram este medicamento e se guiaram pela instrução que envolve o vidro foram curados,"Inferido, Nacional",,"Faz desaparecer [moléstia], Não destrói [algo]",Seguro,"Preço de cada vidro 2$000 rs., duzia 22$000 rs.",[Moléstia],Odontalgico Brazileiro,-,Portadores/acometidos,,,2,Ausente,Ausente,Finalizado,Ausente,Ausente,Odontalgico,"Itálico, Regular",Serifa
salsaparrilha_caroba,"Centralizado, Justificado esquerda",Ausente,Chegou ao Guimarães de Santa Fé,0.787734487734,-,Mencionado,Ausente,1 coluna,Ausente,Feridas antigas (feridas chronicas),,Ausente,,,"Corpo do texto, Título principal",14,Comercialização/Depósito (dúbia),https://drive.google.com/file/d/13LESAXZOfjqTgdhLREEuwZuayP4kMG3a/view?usp=drive_link,"Império do Brazil, Maranhão",,"Declarado, Nacional",,"Poderoso [efeito], [moléstia] não resiste","Afamada(o), Curativo, Prodigioso",Preço barato,Produto,Salsaparrilha e caroba,-,Portadores/acometidos,,,3,Ausente,Ausente,Finalizado,"Carroba (caroba), Salsaparrilha",Ausente,Indefinido,Regular,Serifa
novo_depurativo_extracto_salsaparrilha_caroba_2colunas_sememblema,"Centralizado, Justificado esquerda",Ausente,"Pharmacia de Vicente Antonio da Silva
Acha-se tambem á venda na Natividade do Carangola armacia Lannes e no Bom-Jesus do tabapoana pharmacia Modesto & Fonceca",1.573448773449,Rua Direita n. 84,Mencionado,Ausente,1 coluna,Ausente,"Darthros, Escrofula (escrophulasa scrophulas ), Impingens (empingens), Pannos, Rheumatismo, Syphilis",,Ausente,,,"Corpo do texto, Nota de rodapé, Título principal, Título secundário",15,"Comercialização, Depósito, Responsável técnico/preparado por/Pharmaceutico",https://drive.google.com/file/d/1eEcAQQdUGliqo7YjgSUdkIqty_Ewfb9F/view?usp=drive_link,"Bom-Jesus do Itabapoana, Campos, Natividade do Carangola [Carangola]",,Indefinido,og_novo_depurativo_extracto_salsaparrilha_caroba_2colunas_comemblema (https://www.notion.so/og_novo_depurativo_extracto_salsaparrilha_caroba_2colunas_comemblema-262d075ca7128097a8f4df62e4fe5bdf?pvs=21),"Cura radical, Curar [moléstia] (cura [moléstia]  cura-se [moléstia])",Precioso(a),-,"Novo depurativo, Pharmaceutico, Produto",Extracto fluido de Salsaparrilha e caroba iodurado ou elexir depurativo do sangue,-,Portadores/acometidos,,,8,"Joaquim Manoel Venancio da Silva (pharmaceutico chimico pela Faculdadde de Medicina do Rio de Janeiro), Venancio da Silva",Ausente,Finalizado,"Caroba iodurado, Salsaparrilha",Ausente,"Elexir/elixir, Extrato","Bold, Expandido, Regular",Serifa
xarope_pao_pereira_delgado,"Centralizado, Justificado esquerda",Ausente,-,1.927417027417,44 - Rua do Concelho - 44,Detalhado,Detalhado,2 colunas,"Apelo ao ""natural"", Discurso científico, Recomendado/attestado por especialistas, Sabedoria indígena, Sabedoria sertaneja/interiorana","Amenorrhéa, Anemia, Cachechias paludosas, Chloro-anemais, Chlorose, Debilidade (Desbilidade), Engurgitamento de baço, Febres inttermittentes, Leucorrhéa, Menstruações difficeis",,Fios,Medidas anti-falsificação,,"Corpo do texto, Subtítulo, Título principal, Título secundário, Título terciário",17,"Depósito, Preço, Responsável técnico/preparado por/Pharmaceutico",https://drive.google.com/file/d/1MtUIxeByFTZiddTSI8Rwbw-svJRVNOPs/view?usp=drive_link,"Brazil, Campos, Rio de Janeiro","9 attestados: 9 médicos
O anúncio traz uma “Observação util: Todos os rotulos dos preparados pharmaceuticos de B. Delgado, deverão levar como garantia de terem sido feitos pelo proprio inventor a sua assignatura e marca - B. DELGADO.”","Inferido, Nacional",,"Anti-febril, Bom resultado, Conveniente (mais conveniente), Cura radical, Explendido resultado, Não prende o ventre (não constipa o sangue), Optimo resultado, Poderoso [efeito], Regenerador do sangue, Reparador do sangue, Resultado certo, Resultado feliz, Resultado seguro, Tônico, [moléstia] debelada","Alta excellencia (excellente), Heroicas virtudes, Heroico, Primeira força, Superior (muito superior), Vantajoso (grande vantagem)","1 vidro 2$, 1 caixa com 12 vidros 20$.","Pharmaceutico, Produto",Xarope de pao-pereira ferruginoso,-,Ausente,,,9,B. Delgado,Ausente,Finalizado,"(Descrição detalhada da substância), Apocynaceae Geissospermum vellosii, Páo-pereira, Sal de ferro",Ausente,Xarope,"Bold, Caixa alta, Itálico, Regular","Fantasia, Serifa"
pomada_antidartrosa_delgado,"Centralizado, Justificado esquerda",Ausente,-,2.018326118326,Unico deposito - Rua do Concelho n. 44,Detalhado,Detalhado,2 colunas,"Attestados, Recomendado/attestado por especialistas","Affecções ecczematosas, Darthros, Impingens (empingens), Sarnas",,"Fios, Outro",,,"Corpo do texto, Nota de rodapé, Subtítulo, Título principal, Título secundário",16,"Depósito, Preço, Responsável técnico/preparado por/Pharmaceutico",https://drive.google.com/file/d/1jtTfxltwxnFyOzhmCMe1x1tDJ43HJVPB/view?usp=drive_link,"Campos, Rio de Janeiro","Recomenda acompanhar seu uso com um depurativo: ”A cura apparece em pouco tempo, sendo porém de utilidade o uso de qualquer depurativo internamente”
Attestados de 3 médicos: um deles afirma ser “o mais valente de todos os medicamentos que tenho empregado durante cinco annos de exercicio clinico”",Indefinido,,"Cura rápida, Curar [moléstia] (cura [moléstia]  cura-se [moléstia]), Explendido resultado, Resultado feliz, Resultado maravilhoso","Eficaz, Recomenda usar depurativo de acompanhamento, Valente [medicamento]",1 pote 1$000 e 12 potes 10$000,Produto,Pomada anti-dartrosa,-,Portadores/acometidos,,,9,B. Delgado,Ausente,Finalizado,Ausente,Ausente,Pomada,"Bold, Caixa alta, Itálico, Regular","Fantasia, Serifa"
correntes_arthriticas_rheumaticas,"Centralizado, Justificado esquerda",Ausente,-,1.241702741703,Unico deposito no Emperio e casa de Antonio Zulchner 85 - Rua Direita - 85 Casa de Machinas,Mencionado,Ausente,1 coluna,"Apelo a novidade, Promessas de garantia","Caimbra, Doença peito, Doenças dos nervos, Dor de dente [odontalgia], Epilepsia, Feridas antigas (feridas chronicas), Gotta, Hemorrhoidas, Impingens (empingens), Inflamação dos olhos, Nevralgia [facial], Rheumatismo, Surdez",,Ausente,Vá até a casa do anunciante olhar ps attestados que o inventor recebeu,,"Corpo do texto, Subtítulo, Título principal",19,"Depósito, Preço, Responsável técnico/preparado por/Pharmaceutico",https://drive.google.com/file/d/11iCHpARArM7YTdlBPZIqiggNtQhMvP1w/view?usp=drive_link,Imperio,,Indefinido,,"Curar [moléstia] (cura [moléstia]  cura-se [moléstia]), Sucesso garantido","Infalivel (infallivel), O(A) mais [adjetivo]",8$000 e quem comprar 6 correntes receberá 10 por cento de abatimento,"Attenção, Grande novidade",Correntes arthriticas e rheumaticas,-,Geral,,,5,Adolfo Winter,Ausente,Finalizado,Ausente,Ausente,Corrente,"Bold, Outros, Regular","Fantasia, Serifa"
mel_fumo,"Centralizado, Justificado esquerda",Ausente,-,1.48455988456,Deposito em todas as pharmacias Campos,Mencionado,Detalhado,1 coluna,Ausente,"Feridas antigas (feridas chronicas), Tetano",,Ausente,,,"Corpo do texto, Subtítulo, Título principal, Título secundário",20,Depósito,https://drive.google.com/file/d/144DwZud7gxzifHaogCfhOTGYWcHNVL2-/view?usp=drive_link,Campos,,Indefinido,,Curar [moléstia] (cura [moléstia]  cura-se [moléstia]),"Específico, Preservativo",-,Nome do produto,Mel de Fumo,-,Portadores/acometidos,,,6,Ausente,Ausente,Finalizado,Ausente,Ausente,Indefinido,"Itálico, Outros, Regular","Fantasia, Serifa"
vinho_lacto_phosphato_cal_delgado,Centralizado,Ausente,-,1.875468975469,-,Ausente,Ausente,1 coluna,Ausente,Ausente,"Como chamar essas fontes da variação tipográfica, Como representar os símbolos tipográficos","Fios, Outro",,,"Subtítulo, Título principal, Título secundário, Título terciário",21,"Comercialização/Depósito (dúbia), Responsável técnico/preparado por/Pharmaceutico",https://drive.google.com/file/d/1zvYXh4gZCG9j5GpM8TR1c9aLwlW--vIF/view?usp=drive_link,"44 - Rua do Concelho - 44, Campos",- 25 centigr: 30 gram. -,Indefinido,,Ausente,Ausente,-,Nome do produto,Vinho de Lacto-Phosphato de Cal,-,Ausente,,,9,"B. Delgado, Systema Dusart",Ausente,Finalizado,Ausente,Ausente,Indefinido,"Caixa alta, Regular","Fantasia, Serifa"
extracto_fluido_salsaparrilha_caroba_iodurado_joaquim,"Centralizado, Justificado esquerda",Ausente,-,1.616305916306,Pharmacia de Vicente Antonio da Silva 84 - Rua Direita - 84 Campos Provincia do Rio de Janeiro,Detalhado,Detalhado,1 coluna,"Promessas de garantia, Qualidade dos ingredientes, Utilizado por especialistas","Darthros, Escrofula (escrophulasa scrophulas ), Feridas, Impingens (empingens), Rheumatismo, Sarnas",,Ausente,Sugestão de uso coadjuvante com outro medicamento,,"Corpo do texto, Nota de rodapé, Subtítulo, Título principal, Título secundário",22,"Depósito, Preço, Responsável técnico/preparado por/Pharmaceutico",https://drive.google.com/file/d/1ior_-rycWuVZ5XpTsdTwfv-X8jncgGa_/view?usp=drive_link,"Campos, Rio de Janeiro","“coadjuvar o tratamento com o «Opodeldoc de bette da matta»
—
Tem sido empregado com grande vantagem na acreditada casa de saúde do distinto clinico o Sr. Dr. José Camillo de Moura, Hospital Santa Caza de Misericordia",Indefinido,og_novo_depurativo_extracto_salsaparrilha_caroba_2colunas_comemblema (https://www.notion.so/og_novo_depurativo_extracto_salsaparrilha_caroba_2colunas_comemblema-262d075ca7128097a8f4df62e4fe5bdf?pvs=21),Resultados satisfatorios,"Depurativo (ação depurativa), Eficaz, Poderoso(a), Purificador do sangue, Vantajoso (grande vantagem), Virtudes terapeuticas",1 vidro 2$300 - 1 caixa com 12 vidros 24$0,Produto,Extracto fluido de salsaparrilha e caroba iodurado ou elixir depurativo do sangue,-,"Crianças, Geral",,,7,Joaquim Manoel Venancio da Silva (pharmaceutico chimico pela Faculdadde de Medicina do Rio de Janeiro),Ausente,Finalizado,"Caroba iodurado, Salsaparrilha",Ausente,"Elexir/elixir, Extrato","Bold, Caixa alta, Regular",Serifa
essencia_depurativa_ferruminosa_emblema,"Centralizado, Justificado esquerda",Exma. Junta de Hygiene,"Pharmacia Ezequiel, rua do Concelho",1.627417027417,-,Ausente,Ausente,1 coluna,"Produto original, Vantagem sobre outros",Ausente,,Clichê,"Brevemente almanak 1881, Medidas anti-falsificação",essencia_depurativa_ferruginosa (https://www.notion.so/essencia_depurativa_ferruginosa-276d075ca7128047a7d3e5cdc3fecc9b?pvs=21),"Corpo do texto, Nota de rodapé, Subtítulo, Título principal, Título secundário",23,Comercialização,https://drive.google.com/file/d/1Tbem9Ls2PEWEo0E8LsdhJ0eUeaPoN6Rs/view?usp=drive_link,Nenhum,"Nota: Em consequencia de grosseiras imitações que tem apparecido no mercado, em diversos pontos, temos adoptado, além do arranjo conhecido, uma tira typographada e collada em redor do pescoço dos frascos com a firma do proprio punho do abaixo assignado, isso do dia 1º de janeiro do corrente anno em diante.
Brevemente será distribuido o almanak para 1881.",Indefinido,,Ausente,"Autorisado(a), Unica(o) apropriada(o)",-,"Exclusivo, Previlegio",Essencia depurativa ferruminosa,-,Ausente,,,6,Ausente,Cliche do Império do Brazil,Finalizado,Ausente,"Brasão, Brasão do Imperio do Brasil",Essencia,"Bold, Caixa alta, Expandido, Itálico, Regular","Fantasia, Serifa"
reumatismo_essencia_ferruginosa_ezequiel,"Centralizado, Justificado esquerda",Ausente,"Pharmacia Ezequiel, rua do Concelho",0.587734487734,-,Ausente,Ausente,1 coluna,Ausente,Rheumatismo,,Ausente,Brevemente almanak 1881,,"Corpo do texto, Título principal",24,Comercialização,https://drive.google.com/file/d/12R9A2v8FqGQLlj08ic7Mw5pVv20-4j0m/view?usp=drive_link,Nenhum,Brevemente será distribuido o almanak para 1881.,Indefinido,,"Até casos rebeldes/graves, Poderoso [efeito]","Acreditado, Específico, O melhor, O(A) mais [adjetivo]",-,[Moléstia],Essencia depurativa ferruginosa,-,Ausente,,,1,Ausente,Ausente,Finalizado,Ausente,Ausente,Essencia,"Bold, Regular",Serifa
siphylis_essencia_ferruginosa_ezequiel,"Centralizado, Justificado esquerda",Ausente,"Pharmacia Ezequiel, rua do Concelho",0.587734487734,-,Mencionado,Ausente,1 coluna,Ausente,"Impureza no sangue, Siphilis [Siphylis] [enfermidades syphiliticas]",,Ausente,Brevemente almanak 1881,,"Corpo do texto, Título principal",25,Comercialização,https://drive.google.com/file/d/1GGPy1etG-Fz9kIrR-XlcJQELN7CB-stX/view?usp=drive_link,Imperio,Brevemente será distribuido o almanak para 1881.,Indefinido,,"Até casos rebeldes/graves, Cura radical, Curar [moléstia] (cura [moléstia]  cura-se [moléstia]), Incontestavel",Poderoso(a),-,[Moléstia],Essencia depurativa ferrugtnosa,-,Ausente,,,1,Ausente,Ausente,Finalizado,Ausente,Ausente,Essencia,Regular,Serifa
rob_antirheumatico_augusto_maximo,"Centralizado, Justificado esquerda",Ausente,-,1.78455988456,Unico deposito nesta cidade Pharmacia Delgado 44 - Rua do Concelho- 44 Campos,Mencionado,Detalhado,1 coluna,Qualidade da produçao,Rheumatismo,,Ausente,"Fala do ""clima"" que é produzido",,"Corpo do texto, Subtítulo, Título principal, Título secundário",26,"Depósito, Responsável técnico/preparado por/Pharmaceutico",https://drive.google.com/file/d/1b6TxlTcaQX4EV9AYxevUIy6BqaUhAN6h/view?usp=drive_link,Campos,,"Inferido, Nacional",,"Combater [moléstia], Eficaz, Grandes e beneficas vantagens, [moléstia] debelada","Poderoso(a), Preparado com escrupulo, Preparado no nosso clima",-,"Pharmaceutico, Produto",Rob anti-rheumatico,-,"Crianças, Portadores/acometidos",,,9,Augusto Maximo da Veiga,Ausente,Finalizado,Ausente,Ausente,Rob,"Caixa alta, Consensado, Expandido, Regular","Fantasia, Serifa"
essencia_depurativa_ferruginosa,"Centralizado, Justificado esquerda",Exma. Junta de Hygiene,"Pharmacia Ezequiel, rua do Concelho",1.516305916306,-,Ausente,Ausente,1 coluna,"Produto original, Vantagem sobre outros",Ausente,,Ausente,"Brevemente almanak 1881, Medidas anti-falsificação",,"Corpo do texto, Nota de rodapé, Subtítulo, Título principal, Título secundário",27,Comercialização,https://drive.google.com/file/d/1Pd6e3iSk8GRhOHFhmOlrxvdd6LF9KOtQ/view?usp=drive_link,Nenhum,"Nota: Em consequencia de grosseiras imitações que tem apparecido no mercado, em diversos pontos, temos adoptado, além do arranjo conhecido, uma tira typographada e collada em redor do pescoço dos frascos com a firma do proprio punho do abaixo assignado, isso do dia 1º de janeiro do corrente anno em diante.
Brevemente será distribuido o almanak para 1881.",Indefinido,essencia_depurativa_ferruminosa_emblema (https://www.notion.so/essencia_depurativa_ferruminosa_emblema-263d075ca712804a877ae2487f67b5ec?pvs=21),Ausente,"Autorisado(a), Unica(o) apropriada(o",-,"Exclusivo, Previlegio",Essencia depurativa ferruginosa,-,Ausente,,,6,Ausente,Ausente,Finalizado,Ausente,Ausente,Essencia,"Bold, Caixa alta, Expandido, Itálico, Regular",Serifa
febres_intermitentes_sezoes,"Centralizado, Justificado esquerda",Ausente,-,0.830591630592,Unico depositario Brito Junior. Rio de Janeiro,Mencionado,Ausente,1 coluna,Ausente,"Febres inttermittentes, Sezões",,Ausente,,,"Corpo do texto, Subtítulo, Título principal",18,Depósito,https://drive.google.com/file/d/1lXPQVA71v5ZZAwvZ70rDIMxYiN0NQcw_/view?usp=drive_link,Rio de Janeiro,,Indefinido,,Cura radical,"Infalivel (infallivel), Unico",-,[Moléstia],Pilulas de Dr. Alissom,-,Ausente,,,2,Dr. Alissom,Ausente,Finalizado,Sem sulfato,Ausente,Pilulas,"Caixa alta, Consensado, Regular",Serifa
rob_doliaria_ferro_composto,"Centralizado, Justificado esquerda",Exma. Junta de Hygiene Publica do Rio de Janeiro,"Rua do Concelho n. 70, pharmacia Ezequiel",1.173448773449,"Rua do Concelho n. 70, pharmacia Ezequiel",Detalhado,Ausente,1 coluna,"Produto original, Promessas de garantia, Qualidade da produçao, Qualidade dos ingredientes","Anemia, Ascites ou hydropesias, Chloro-anemais, Chlorose, Hypoemia intertropical (vulgo opilação ou caulação)",,Ausente,"Acompanha um directorio com explicações necessárias, Distribuição do almanack de 1881, Medidas anti-falsificação",rob_doliaria_ferro_composto_02 (https://www.notion.so/rob_doliaria_ferro_composto_02-277d075ca712808e882fff6dcca1de5d?pvs=21),"Corpo do texto, Título principal, Título secundário, Título terciário",28,"Comercialização, Depósito",https://drive.google.com/file/d/1mdHO4dlqsb-IimkDA4CSnoVsCucBXiyv/view?usp=drive_link,"Bahia, Imperio, Rio de Janeiro","Para salvaguardarmos ao publico contra as imitações, collamos em cada vidro por fóra do involucro uma tira lytographada com o nome e assignatura do proprop punho do nosso unico introductor e exportador abaixo assignado.
—
pharmacia Ezequiel onde também, se distribue o nosso almanack para 1881.","Inferido, Nacional",,"Não prende o ventre (não constipa o sangue), Tão certo","Agente drastico, Antiparasitario, Autorisado(a), Unico",-,Produto,Rob de doliaria e Ferro composto,-,Ausente,,,4,Dr. F. A. G. Chagas,Ausente,Finalizado,"(Descrição detalhada da substância), Ferro, Succo leitoso da Gamelleira Ficus doliaria",Ausente,Rob,"Bold, Caixa alta, Itálico, Regular",Serifa
rob_doliaria_ferro_composto_02,"Centralizado, Justificado esquerda",Exma. Junta de Hygiene Publica do Rio de Janeiro,"Rua do Concelho n. 70, pharmacia Ezequiel",1.473448773449,"Rua do Concelho n. 70, pharmacia Ezequiel",Detalhado,Ausente,1 coluna,"Produto original, Promessas de garantia, Qualidade da produçao, Qualidade dos ingredientes","Anemia, Ascites ou hydropesias, Chloro-anemais, Chlorose, Hypoemia intertropical (vulgo opilação ou caulação)",,Fios,"Acompanha um directorio com explicações necessárias, Distribuição do almanack de 1881, Medidas anti-falsificação",,"Corpo do texto, Subtítulo, Título principal, Título secundário",29,"Comercialização, Depósito",https://drive.google.com/file/d/169bdRTRmpXVceRomFYCobphYcObC9fax/view?usp=drive_link,"Bahia, Imperio, Rio de Janeiro","Para salvaguardarmos ao publico contra as imitações, collamos em cada vidro por fóra do involucro uma tira lytographada com o nome e assignatura do proprop punho do nosso unico introductor e exportador abaixo assignado.
—
pharmacia Ezequiel onde também, se distribue o nosso almanack para 1881.","Inferido, Nacional",rob_doliaria_ferro_composto (https://www.notion.so/rob_doliaria_ferro_composto-276d075ca71280cc86a2cc801e96f49c?pvs=21),"Não prende o ventre (não constipa o sangue), Tão certo","Agente drastico, Antiparasitario, Autorisado(a), Unico",-,Produto,Rob de doliaria e ferro composto,-,Ausente,,,7,Dr. F. A. G. Chagas,Ausente,Finalizado,"(Descrição detalhada da substância), Ferro, Succo leitoso da Gamelleira Ficus doliaria",Ausente,Rob,"Bold, Consensado, Itálico, Regular",Serifa
cura_rheumatismo_delgado,"Centralizado, Justificado esquerda",Ausente,-,1.030591630592,Pharmacia Delgado 44 - RUA DO CONCELHO - 44,Mencionado,Ausente,1 coluna,Recomendado/attestado por especialistas,Rheumatismo,,Ausente,,,"Corpo do texto, Nota de rodapé, Título principal",30,Depósito,https://drive.google.com/file/d/1gY9l3a0lXbhE8d48LAsxo8vdyuagU1Qd/view?usp=drive_link,Nenhum,“assim attestão os excellentes resultados obtidos pelos Srs. Chimicos.”,Indefinido,,Excellente,"Específico, O(A) mais [adjetivo], Poderoso(a)",-,"Cura, [Moléstia]",Rob anti-rheumatico,-,Portadores/acometidos,,,4,"Inferido, Veiga",Ausente,Finalizado,Ausente,Ausente,Rob,"Bold, Caixa alta, Consensado, Regular",Serifa
nao_ha_mais_dores_odontalgico_brazileiro,"Centralizado, Justificado esquerda",Ausente,-,0.687734487734,"Unico deposito em Campos na rua Direita ns. 117, 119 e 121.",Mencionado,Ausente,1 coluna,Ausente,"Dor de dente [odontalgia], Nevralgia [facial], Periodontite",,Ausente,,,"Corpo do texto, Título principal",31,"Depósito, Preço",https://drive.google.com/file/d/1ddea4nbBeTrteal1x_cv3xFBp8UmBOQf/view?usp=drive_link,Campos,,Indefinido,dores_dentes_odontalgico_brazileiro (https://www.notion.so/dores_dentes_odontalgico_brazileiro-263d075ca71280c5be1df2874e02e02a?pvs=21),"Curar [moléstia] (cura [moléstia]  cura-se [moléstia]), Efeitos admiráveis, Prodigiosos milagres",Ausente,Preço de um vidro: 2$000,"Não (há) mais, [Moléstia]",Odontalgico Brazileiro,-,Portadores/acometidos,,,2,Ausente,Ausente,Finalizado,Ausente,Ausente,Odontalgico,Regular,Serifa
novo_depurativo,Justificado esquerda,Ausente,"Vende-se em Campos, na pharmacia de V. A. da Silva, rua Direita n. 84",0.687734487734,-,Mencionado,Ausente,1 coluna,Ausente,"Darthros, Escrofula (escrophulasa scrophulas ), Impingens (empingens), Molestias pelle, Sarnas, Siphilis [Siphylis] [enfermidades syphiliticas]",,Ausente,,,"Corpo do texto, Título principal",32,"Comercialização, Produção",https://drive.google.com/file/d/1gmOobfYQpCfx5IY0XIU0YX_FMpc6exi9/view?usp=drive_link,Campos,,Indefinido,,"Maximé [moléstia], Poderoso [efeito]",Ausente,-,Novo depurativo,Extracto fluido de salsa e caroba iodurado,-,Portadores/acometidos,,,2,Venancio da Silva,Ausente,Finalizado,"Caroba iodurado, Salsa",Ausente,Extrato,"Bold, Regular",Serifa
novo_depurativo_rheumatismo,"Centralizado, Justificado esquerda",Junta Central de Hygiene,-,1.541702741703,Deposito em Campos Pharmacia de Vicente Antonio da Silva 84 - RUA DIREITA - 84,Mencionado,Ausente,1 coluna,Utilizado por especialistas,Rheumatismo,,Ausente,,,"Corpo do texto, Nota de rodapé, Título principal",33,"Depósito, Produção",https://drive.google.com/file/d/1gmTfiv2N9xJp8Qnnyp498svj1HUQQfHg/view?usp=drive_link,Campos,O autor chama a attenção dos interessados para os prospectos que acompanhão os vidros.,Indefinido,,Combater [moléstia],Eficaz,-,"Novo depurativo, [Moléstia]",Extracto fluido de salsa e caroba iodurado,-,Portadores/acometidos,,,8,Venancio da Silva,Ausente,Finalizado,"Caroba iodurado, Salsa",Ausente,Extrato,"Bold, Caixa alta, Regular, Versalete","Fantasia, Serifa"
novo_Depurativo_textomaior,Justificado esquerda,Ausente,"Pharmacia de Vicente Antonio da Silva, cidade de Campos
Pharmacia de Pedro Gonçalves da Silva Junior, Bom-Jesus de Itabapoana
Pharmacia de José Lannes, Carangola
Pharmacia de Gomes, Carngola
Na casa commercial do Sr. José Vasques dos Santos, Varre-Sahe
Pharmacia de Virgilio, S. Fidelis
Pharmacia de Polycarpo, S. Fidelis",0.687734487734,No Rio de Janeiro (UNICO DEPOSITO) Drografia Imperial de Silva Gomes & C.ª RUA. S. PEDRO N. 24,Ausente,Ausente,1 coluna,Ausente,Ausente,,Fios,Medidas anti-falsificação,,"Corpo do texto, Título principal",34,"Comercialização, Depósito",https://drive.google.com/file/d/1XlhPh8YYxq8ys6pcVT_WozIjQpD03kJF/view?usp=drive_link,"Bom-Jesus do Itabapoana, Campos, Natividade do Carangola [Carangola], Rio de Janeiro, S. Fidelis, Varre-Sahe",Todos os rotulos e prospectos levão a assignatura do autor feita pelo seu proprio punho.,Indefinido,,Ausente,Ausente,-,Novo depurativo,Extracto fluido de salsa e caroba iodurado,-,Ausente,,,2,Venancio da Silva,Ausente,Finalizado,"Caroba iodurado, Salsa",Ausente,Extrato,"Bold, Itálico, Regular",Serifa
NAO_HA_MAIS_DORES_DENTES,"Centralizado, Justificado esquerda",Ausente,-,0.787734487734,"Unico deposito em Campos na rua Direita ns. 117, 119 e 121.",Mencionado,Ausente,1 coluna,Ausente,"Dor de dente [odontalgia], Nevralgia [facial], Periodontite",,Ausente,,,"Corpo do texto, Título principal",35,"Depósito, Preço",https://drive.google.com/file/d/1f5ngTiwEGDwsIJ80Yp5FAt43NZ5e8uu0/view?usp=drive_link,Campos,,Indefinido,dores_dentes_odontalgico_brazileiro (https://www.notion.so/dores_dentes_odontalgico_brazileiro-263d075ca71280c5be1df2874e02e02a?pvs=21),"Curar [moléstia] (cura [moléstia]  cura-se [moléstia]), Efeitos admiráveis, Prodigiosos milagres",Ausente,Preço de um vidro 2$000:,"Não (há) mais, [Moléstia]",Odontalgico Brazileiro,-,Portadores/acometidos,,,3,Ausente,Ausente,Finalizado,Ausente,Ausente,Odontalgico,"Bold, Caixa alta, Regular",Serifa
vaseline,"Centralizado, Justificado esquerda",Exma. Junta de Hygiene do Brazil,Sr. Libert agente da companhia Cheeseborough que se prontifica a dar amostras da VASELINE (…) Pode ser procurado no Hotel Jannes,1.130591630592,-,Ausente,Ausente,1 coluna,"Qualidade dos ingredientes, Recomendado/attestado por especialistas",Ausente,,Clichê original,Distribuição gratuita,,"Corpo do texto, Título principal, Título secundário",36,Comercialização,https://drive.google.com/file/d/1mySbIuDhjRl39yo0f74JoQnAe-EB51Mh/view?usp=drive_link,"Estados Unidos, Europa","3 clichês diferentes, parecem originais",Indefinido,,"Concentrada, Pura","Admiravel, Valiosissimo",-,"Novo produto natural, Produto",Vaseline - Essencia de Petroleo,-,Geral,,,5,Ausente,Ausente,Finalizado,Petroleo,"Caixa medicamento, Ilustração, Representação fiel do produto",Essencia,"Bold, Caixa alta, Consensado, Regular, Versalete",Serifa
pomada_vaseline,"Centralizado, Justificado esquerda",Ausente,-,0.687734487734,-,Mencionado,Ausente,1 coluna,Ausente,Queda do cabello,,Ausente,,,"Corpo do texto, Título principal",37,Preço,https://drive.google.com/file/d/1RVn-5majGfWMdwo7dCeKZ-ePz0bvGYps/view?usp=drive_link,Nenhum,,Indefinido,,Ausente,"O melhor, Tonico",Preço de cada vidro 1$500,Nome do produto,Pomada Vaseline,-,Ausente,,,2,Ausente,Ausente,Finalizado,Petroleo,Ausente,Pomada,"Bold, Regular",Serifa
vigor_cabelo_ayer,"Centralizado, Justificado esquerda",Ausente,A venda nas lojas de armarinho e perfumarias,1.230591630592,"Deposito geral N. 13, Rua Primeiro de Março, Rio de Janeiro.",Detalhado,Ausente,1 coluna,"Qualidade da produçao, Qualidade dos ingredientes",Calvice,,Clichê,,,"Corpo do texto, Título principal, Título secundário",38,"Comercialização, Depósito, Responsável técnico/preparado por/Pharmaceutico",https://drive.google.com/file/d/1KokzNas88vC8Ef5QUqIX3YIB-pfsNPqj/view?usp=drive_link,"Estados Unidos, Lowell, Mass. #Massachusetts, Rio de Janeiro","Melhor remedio até hoje conhecido para os differentes defeitos da cabelladura, marece a intima attenção de todas as pessoas que têm tido a infelicidade de perder em parte este mais rico ornamento natural da physionomia.","Estrageiro, Inferido",,"Beneficia os cabellos, Crescimento, Impede a queda, Restaura a cor, Resultados sorpreendentes, Viço","Agradável, Alta excellencia (excellente), Apurada, O melhor, Util",-,Nome do produto,Vigor do cabello de Ayer,-,"Geral, Mulheres (senhoras)",,,6,Dr. J. C. Ayer & CA.,Ausente,Finalizado,Ausente,"Figura Humana, Mulher, Representação do produto",Indefinido,"Bold, Caixa alta, Regular, Versalete",Serifa
peitoral_cereja_ayer,"Centralizado, Justificado esquerda",Ausente,-,1.641702741703,"Deposito geral N. 13, Rua Primeiro de Março, Rio de Janeiro.",Detalhado,Mencionado,1 coluna,"Apelo a eficiencia, Recomendado pelo clero, Recomendado/attestado por especialistas","Bronchites (bronchitas), Catarrho pulmonar, Constipações, Defluxos, Molestias da garganta, Molestias peito, Tisica (Tysica), Tossas [tosse] [tosses], Tuberculos pulmonares",,Clichê original,,,"Corpo do texto, Título principal, Título secundário",39,"Depósito, Responsável técnico/preparado por/Pharmaceutico",https://drive.google.com/file/d/1rWN_cajFIKZ3I3pMU4QchnRMs336Ep9m/view?usp=drive_link,"Estados Unidos, Lowell, Mass. #Massachusetts, Rio de Janeiro",,"Estrageiro, Inferido",,"Curar [moléstia] (cura [moléstia]  cura-se [moléstia]), Efeitos hygienicos, Prompta cura, Protege",Incalculavel,-,Nome do produto,Peitoral de Cereja de Ayer,-,"Geral, Portadores/acometidos",,,9,Dr. J. C. Ayer & CA.,Ausente,Finalizado,Ausente,"Ilustração, Mãos com remédio e colher, Representação do produto",Indefinido,"Bold, Caixa alta, Itálico, Regular, Versalete","Serifa, Serifa clichê"
pilulas_catharticas_ayer,"Centralizado, Justificado esquerda",Ausente,-,1.652813852814,"Deposito geral N. 13, Rua Primeiro de Março, Rio de Janeiro.",Mencionado,Ausente,1 coluna,Ausente,"Colicas, Desarranjos dos orgãos de digestão e assimilação, Diarrhea, Dispepsia (dyspepsias), Enfraquecimento do sangue, Enxaqueca, Falta de appetite, Impureza no sangue, Indigestão, Molestias estomago, Molestias figado, Molestias intestino, Molestias pelle, Molestias periodicas das senhoras, Nauseas, Nevralgia [facial], Prisão de ventre, Rheumatismo",,Clichê,,,"Corpo do texto, Título principal, Título secundário",40,"Depósito, Responsável técnico/preparado por/Pharmaceutico",https://drive.google.com/file/d/1gFqB67p7BbjCMdt5neTB3NtpO6VRrc05/view?usp=drive_link,"Estados Unidos, Lowell, Mass. #Massachusetts, Rio de Janeiro",,"Estrageiro, Inferido",,"Prompta cura, Tratar/tratamento [moléstia]",Ausente,-,Nome do produto,Pilulas catharticas de Ayer,-,"Mulheres (senhoras), Portadores/acometidos",,,8,Dr. J. C. Ayer & CA.,Ausente,Finalizado,Ausente,"Anjos, Anjos segurando esfera, Esfera, Figura Humana",Pilulas,"Bold, Caixa alta, Consensado, Regular, Versalete","Sem serifa, Sem serifa clichê, Serifa"
extracto_composto_salsaparrilha_ayer,"Centralizado, Justificado esquerda",Ausente,-,1.652813852814,"Deposito geral N. 13, Rua Primeiro de Março, Rio de Janeiro.",Mencionado,Ausente,1 coluna,"Apelo ao antigo longevo, Qualidade da produçao, Qualidade dos ingredientes, Recomendado/attestado por especialistas",Molestias de impurezas no sangue,,Clichê,,,"Corpo do texto, Título principal, Título secundário",41,"Depósito, Responsável técnico/preparado por/Pharmaceutico",https://drive.google.com/file/d/1WXE-ODG7muUTG6gx1jFey_alz-kemJOR/view?usp=drive_link,"Estados Unidos, Lowell, Mass. #Massachusetts, Rio de Janeiro",,"Estrageiro, Inferido",,"Eficaz, Prompta cura","Conhecido, Eficaz, Garantido, Recomenda usar depurativo de acompanhamento",-,Nome do produto,Extracto composto de Salsaparrilha de Ayer,-,Ausente,,,8,Dr. J. C. Ayer & CA.,Ausente,Finalizado,Salsaparrilha,Castelo,Extrato,"Bold, Caixa alta, Itálico, Regular","Sem serifa clichê, Serifa, Serifa clichê"
a_pomada_vaselina,"Centralizado, Justificado esquerda",Ausente,Casa Ingleza,0.787734487734,-,Mencionado,Ausente,1 coluna,Ausente,Queda do cabello,,Ausente,,,"Corpo do texto, Título principal",42,Comercialização/Depósito (dúbia),https://drive.google.com/file/d/1H7hd1qS9TFVsPWTt3pj0bAnM4Pm_4wDy/view?usp=drive_link,Nenhum,,Indefinido,,Impede a queda,"O(A) mais [adjetivo], Perfeita",-,Produto,A Pomada Vaselina,-,Ausente,,,3,Ausente,Ausente,Finalizado,Vaselina,Ausente,Pomada,"Bold, Caixa alta, Regular",Serifa
vaselina_pura,"Centralizado, Justificado esquerda",Ausente,Casa Ingleza,0.787734487734,-,Mencionado,Mencionado,1 coluna,Ausente,Ausente,,Ausente,,,"Corpo do texto, Título principal",43,Comercialização/Depósito (dúbia),https://drive.google.com/file/d/1l86akIEymRTXkYVAagyrhRD9CBt_rKa2/view?usp=drive_link,Nenhum,,Indefinido,,Ausente,Incomparavel,-,Produto,Vaselina Pura,-,Ausente,,,3,Ausente,Ausente,Finalizado,Vaselina,Ausente,Indefinido,"Bold, Caixa alta, Regular",Serifa
exposicao_paris_cura_asma,Centralizado,Ausente,Vende-se em todas as Pharmacias.,1.3670995671,-,Mencionado,Ausente,Composição dinâmica,"Apelo a inovação tecnologia, Importado, Vantagem sobre outros",Asma,,Clichê,"Exposição de Paris 1878, Fora de concurso (hors concours)",,Corpo do texto,45,"Comercialização, Responsável técnico/preparado por/Pharmaceutico",https://drive.google.com/file/d/1pjBM8K4onBssFJHgZ6yk0NVAvo7vFg1d/view?usp=drive_link,Paris,,Indefinido,,Curar [moléstia] (cura [moléstia]  cura-se [moléstia]),Fora de concurso (hors concours),-,Exposição de Paris,Pó do Dr. Cléry,-,Ausente,,,8,Dr. Clery,Selo,Finalizado,Ausente,"Caracteres arabes, Selo",Pó,"Bold, Caixa alta, Itálico, Regular","Fantasia clichê, Sem serifa, Serifa"
casa_ingleza_vaselina_camphorada,"Centralizado, Justificado esquerda",Ausente,Casa Ingleza,0.930591630592,-,Mencionado,Ausente,,Ausente,Rheumatismo,,Ausente,,,"Corpo do texto, Título principal, Título secundário",44,Comercialização/Depósito (dúbia),https://drive.google.com/file/d/19WCFc1mH2ej7nXA2IAzkXC2I7nOZ0Lnb/view?usp=drive_link,Nenhum,,Indefinido,,Ausente,O melhor,-,Nome da pharmacia,Vaselina Camphorada,-,Ausente,,,3,Ausente,Ausente,Finalizado,Vaselina,Ausente,Indefinido,"Bold, Caixa alta, Regular",Serifa
o_grande_purificador_reconstituidor_sangue,,,,0,,,,,,,,,,,,46,,https://drive.google.com/file/d/1435ZsB7Koen7WP4G8MmQbJX4ze86KID7/view?usp=drive_link,,,,,,,,,,,,,,,,,Não iniciado,,,,,
o_grande_purificador_RECONSTITUIDOR_SANGUE,,,,0,,,,,,,,,,,,47,,https://drive.google.com/file/d/19uLptqSLSeHSjZMW8s6QSoNrdH7pPlQD/view?usp=drive_link,,,,,,,,,,,,,,,,,Não iniciado,,,,,
o_melhor_remedio_febres_intermittentes,,,,0,,,,,,,,,,,,48,,https://drive.google.com/file/d/1fwShVYeNCEeLVygdtMYjXrn1rAr87miN/view?usp=drive_link,,,,,,,,,,,,,,,,,Não iniciado,,,,,
laranginha_campista_simples,,,,0,,,,,,,,,,,,49,,https://drive.google.com/file/d/14RQLu22qmklJCe-qTytHxMRV4loGtpuX/view?usp=drive_link,,,,,,,,,,,,,,,,,Não iniciado,,,,,
vinho_jurubeba,,,,0,,,,,,,,,,,,50,,https://drive.google.com/file/d/1b2r7UzlLSTkflq5unz7YK01_PY0DuI2j/view?usp=drive_link,,,,,,,,,,,,,,,,,Não iniciado,,,,,